1.597872257232666016e+01,1.012335388183593750e+03,1.080403447151184082e+00,-7.851851940155029297e+00,5.573032855987548828e+00,1.198231428861618042e-02,5.700666904449462891e-01,-2.313273958861827850e-03,4.367711246013641357e-01,-4.126531982421875000e+01,-1.125995254516601562e+01,-8.803031444549560547e-01
1.606323814392089844e+01,1.011664611816406250e+03,1.099677324295043945e+00,-8.939272880554199219e+00,6.311422348022460938e+00,1.862658374011516571e-02,6.680089831352233887e-01,1.313633285462856293e-03,6.111678481101989746e-02,-3.923059844970703125e+01,-1.101018142700195312e+01,-7.980996966361999512e-01
1.893676185607910156e+01,1.011329162597656250e+03,9.433294534683227539e-01,-7.716217637062072754e-01,9.238833785057067871e-01,-2.812434220686554909e-03,1.345981657505035400e-01,-3.935636021196842194e-03,2.454542875289916992e+00,-3.659417343139648438e+01,-9.120476722717285156e+00,-9.561587572097778320e-01
1.580969142913818359e+01,1.012000000000000000e+03,1.108616948127746582e+00,-6.440712451934814453e+00,4.790474891662597656e+00,8.646208792924880981e-03,4.700239300727844238e-01,-2.057953970506787300e-03,1.266951680183410645e+00,-4.743914031982421875e+01,-1.248071098327636719e+01,-9.656511545181274414e-01
1.690839195251464844e+01,1.012782653808593750e+03,9.707311987876892090e-01,-2.905140399932861328e+00,2.316171407699584961e+00,3.366163931787014008e-03,2.846814393997192383e-01,-1.812686445191502571e-03,1.726019740104675293e+00,-3.593149948120117188e+01,-9.371496200561523438e+00,-8.890725374221801758e-01
1.834515380859375000e+01,1.013453430175781250e+03,9.158350229263305664e-01,-1.143080949783325195e+00,1.086919546127319336e+00,-1.823360798880457878e-03,1.651277244091033936e-01,-4.758778028190135956e-03,2.107496261596679688e+00,-3.234256362915039062e+01,-8.139588356018066406e+00,-9.104267954826354980e-01
1.648581504821777344e+01,1.013341613769531250e+03,1.054655075073242188e+00,-6.642444610595703125e+00,4.879375457763671875e+00,1.257824245840311050e-02,5.244917869567871094e-01,5.287998355925083160e-04,6.664474606513977051e-01,-3.884317779541015625e+01,-1.060539245605468750e+01,-8.390516042709350586e-01
1.589420700073242188e+01,1.012782653808593750e+03,1.055760145187377930e+00,-9.259161949157714844e+00,6.446433067321777344e+00,2.006467431783676147e-02,7.071951031684875488e-01,1.322600524872541428e-03,-4.685375392436981201e-01,-3.239196777343750000e+01,-9.509006500244140625e+00,-7.229884266853332520e-01
1.809160804748535156e+01,1.012670837402343750e+03,9.574769735336303711e-01,-9.280898571014404297e-01,1.059068918228149414e+00,-1.951714977622032166e-03,1.398801505565643311e-01,-3.622442716732621193e-03,2.523962259292602539e+00,-3.861151504516601562e+01,-9.511425018310546875e+00,-9.715368747711181641e-01
1.766903114318847656e+01,1.012335388183593750e+03,9.534505605697631836e-01,-1.583406209945678711e+00,1.520338773727416992e+00,-5.806024419143795967e-04,1.897267401218414307e-01,-3.123373258858919144e-03,2.179938316345214844e+00,-3.686328125000000000e+01,-9.277403831481933594e+00,-9.358835220336914062e-01
1.673936080932617188e+01,1.012447204589843750e+03,9.524990320205688477e-01,-5.442066192626953125e+00,3.985224246978759766e+00,1.078217290341854095e-02,4.861149191856384277e-01,-5.723936483263969421e-04,2.901419997215270996e-01,-2.678170013427734375e+01,-7.656045913696289062e+00,-7.451794147491455078e-01
1.919030761718750000e+01,1.011217346191406250e+03,9.486449956893920898e-01,-1.031414344906806946e-01,6.213890910148620605e-01,-3.086778568103909492e-03,9.967193007469177246e-02,-2.931258175522089005e-03,2.724925994873046875e+00,-3.848726272583007812e+01,-9.303413391113281250e+00,-9.771066308021545410e-01
1.665484619140625000e+01,1.013229858398437500e+03,1.089954614639282227e+00,-5.911547660827636719e+00,4.532918930053710938e+00,1.047679223120212555e-02,4.651982486248016357e-01,2.457634545862674713e-04,1.257440209388732910e+00,-4.407335281372070312e+01,-1.175073051452636719e+01,-9.134183526039123535e-01
1.893676185607910156e+01,1.012559020996093750e+03,1.030258893966674805e+00,5.756720900535583496e-02,7.393764257431030273e-01,-4.738552961498498917e-03,6.049214303493499756e-02,-2.201836556196212769e-03,3.490261554718017578e+00,-5.036791992187500000e+01,-1.216098976135253906e+01,-1.096540927886962891e+00
1.682387733459472656e+01,1.010546569824218750e+03,8.740208148956298828e-01,-1.548381209373474121e+00,1.331285119056701660e+00,-6.131624337285757065e-03,1.847723126411437988e-01,1.660508289933204651e-02,1.815078139305114746e+00,-2.940787887573242188e+01,-7.519972801208496094e+00,-8.925361633300781250e-01
1.910579299926757812e+01,1.012670837402343750e+03,1.041178107261657715e+00,-2.223647236824035645e-01,9.416795969009399414e-01,-5.362690426409244537e-03,7.301551103591918945e-02,-2.569410484284162521e-03,3.491343975067138672e+00,-5.143766403198242188e+01,-1.246405220031738281e+01,-1.104151606559753418e+00
1.919030761718750000e+01,1.011888183593750000e+03,9.208359122276306152e-01,-4.729911088943481445e-01,7.952588796615600586e-01,-3.551433794200420380e-03,1.303135752677917480e-01,-3.981913439929485321e-03,2.368626832962036133e+00,-3.411493682861328125e+01,-8.607145309448242188e+00,-9.328911900520324707e-01
1.758451461791992188e+01,1.010658386230468750e+03,9.834229350090026855e-01,-9.656201004981994629e-01,1.250856041908264160e+00,-1.932953251525759697e-03,1.444998681545257568e-01,-2.732475753873586655e-03,2.673986911773681641e+00,-4.221597290039062500e+01,-1.030951976776123047e+01,-9.997268915176391602e-01
1.910579299926757812e+01,1.012782653808593750e+03,1.005352973937988281e+00,3.447011113166809082e-02,7.675306797027587891e-01,-4.493362735956907272e-03,6.903825700283050537e-02,-1.078238710761070251e-03,3.314291477203369141e+00,-4.938361358642578125e+01,-1.193322563171386719e+01,-1.061877489089965820e+00
1.707742309570312500e+01,1.010322937011718750e+03,1.011080980300903320e+00,-1.336720228195190430e+00,1.458792805671691895e+00,-1.759627135470509529e-03,1.534182727336883545e-01,-3.636244684457778931e-03,2.798680543899536133e+00,-4.537680435180664062e+01,-1.121510314941406250e+01,-1.025936126708984375e+00
1.842967033386230469e+01,1.010770141601562500e+03,9.104586839675903320e-01,-3.012280166149139404e-01,6.995388269424438477e-01,-4.037742968648672104e-03,1.357086300849914551e-01,-3.361354116350412369e-03,2.296194553375244141e+00,-3.417515945434570312e+01,-8.261305809020996094e+00,-9.133985042572021484e-01
1.665484619140625000e+01,1.013677062988281250e+03,9.297596216201782227e-01,-3.525137901306152344e+00,2.810075998306274414e+00,5.595138296484947205e-03,3.643195629119873047e-01,-1.562074292451143265e-03,9.170213937759399414e-01,-2.635686874389648438e+01,-7.363080978393554688e+00,-7.838422060012817383e-01
1.673936080932617188e+01,1.013341613769531250e+03,1.061051845550537109e+00,-7.111176013946533203e+00,5.046537399291992188e+00,1.367872487753629684e-02,5.383294224739074707e-01,-5.869087763130664825e-04,6.276730895042419434e-01,-3.846106338500976562e+01,-1.042111873626708984e+01,-8.439811468124389648e-01
1.885224723815917969e+01,1.012894409179687500e+03,9.974796772003173828e-01,-3.265812397003173828e-01,9.276000857353210449e-01,-4.202584736049175262e-03,9.198550134897232056e-02,-3.196166129782795906e-03,3.095145225524902344e+00,-4.545232772827148438e+01,-1.119437408447265625e+01,-1.046146154403686523e+00
1.775354576110839844e+01,1.013341613769531250e+03,9.014869928359985352e-01,3.020452260971069336e-01,4.075252413749694824e-01,-3.823515027761459351e-03,1.003378033638000488e-01,-2.793235704302787781e-03,2.434307336807250977e+00,-3.263334274291992188e+01,-7.981918811798095703e+00,-9.184875488281250000e-01
1.606323814392089844e+01,1.011776367187500000e+03,9.824869036674499512e-01,-6.509639739990234375e+00,4.775911331176757812e+00,1.505679450929164886e-02,5.594354867935180664e-01,9.094076231122016907e-04,-8.307695388793945312e-03,-2.641815185546875000e+01,-7.890764236450195312e+00,-7.146235704421997070e-01
1.783806228637695312e+01,1.011105590820312500e+03,1.022300481796264648e+00,-1.227592945098876953e+00,1.294374585151672363e+00,-2.970250090584158897e-03,1.297385990619659424e-01,-3.901221789419651031e-03,2.977079391479492188e+00,-4.732639312744140625e+01,-1.148550891876220703e+01,-1.053675651550292969e+00
1.623226928710937500e+01,1.010546569824218750e+03,9.194473028182983398e-01,-5.429018020629882812e+00,3.961029291152954102e+00,1.159717142581939697e-02,5.015915632247924805e-01,-7.027345709502696991e-04,-6.215751171112060547e-03,-2.068911361694335938e+01,-6.407927989959716797e+00,-6.874120831489562988e-01
1.809160804748535156e+01,1.011552795410156250e+03,1.031813621520996094e+00,-1.437987685203552246e+00,1.543160200119018555e+00,-2.030282979831099510e-03,1.548351049423217773e-01,-2.649014582857489586e-03,2.937129020690917969e+00,-4.991687774658203125e+01,-1.205924892425537109e+01,-1.054438829421997070e+00
1.716193771362304688e+01,1.013453430175781250e+03,9.661421775817871094e-01,-3.702777862548828125e+00,2.786746978759765625e+00,4.784676246345043182e-03,3.324535489082336426e-01,-3.118651453405618668e-03,1.361893534660339355e+00,-3.463811492919921875e+01,-9.133013725280761719e+00,-8.761654496192932129e-01
1.902127838134765625e+01,1.012559020996093750e+03,8.973073959350585938e-01,-1.047686785459518433e-01,6.052894592285156250e-01,-3.526856424286961555e-03,1.183669343590736389e-01,-3.655945416539907455e-03,2.313313245773315430e+00,-3.177216911315917969e+01,-8.024999618530273438e+00,-9.111890792846679688e-01
1.640129852294921875e+01,1.010434753417968750e+03,9.768586158752441406e-01,-6.567178726196289062e+00,4.701523780822753906e+00,1.364595629274845123e-02,5.530999898910522461e-01,2.883533015847206116e-04,2.272951602935791016e-02,-2.773916816711425781e+01,-8.072445869445800781e+00,-7.263796925544738770e-01
1.682387733459472656e+01,1.012782653808593750e+03,9.558963775634765625e-01,-3.012660980224609375e+00,2.356000185012817383e+00,1.787134446203708649e-03,2.854243516921997070e-01,-4.307948984205722809e-03,1.600430369377136230e+00,-3.417931365966796875e+01,-8.869818687438964844e+00,-8.936179876327514648e-01
1.690839195251464844e+01,1.011664611816406250e+03,9.246737360954284668e-01,-2.249761104583740234e+00,1.986088752746582031e+00,2.832788042724132538e-03,2.626264691352844238e-01,-2.698118099942803383e-03,1.519356131553649902e+00,-3.033544158935546875e+01,-7.982826709747314453e+00,-8.535550832748413086e-01
1.623226928710937500e+01,1.012894409179687500e+03,1.067374944686889648e+00,-9.089828491210937500e+00,6.315227031707763672e+00,1.886927336454391479e-02,6.820988655090332031e-01,7.045813836157321930e-04,-2.093460261821746826e-01,-3.596063995361328125e+01,-1.017023658752441406e+01,-7.625049948692321777e-01
1.623226928710937500e+01,1.012559020996093750e+03,1.004324197769165039e+00,-7.402464866638183594e+00,5.258010864257812500e+00,1.475269068032503128e-02,6.019284129142761230e-01,1.815846189856529236e-04,-6.895706057548522949e-02,-2.991879844665527344e+01,-8.605305671691894531e+00,-7.284666299819946289e-01
1.885224723815917969e+01,1.010770141601562500e+03,9.377954006195068359e-01,1.930757462978363037e-01,5.490465760231018066e-01,-4.334698431193828583e-03,8.900052309036254883e-02,-2.858319086953997612e-03,2.736791372299194336e+00,-3.765007019042968750e+01,-9.363668441772460938e+00,-9.712914228439331055e-01
1.792257690429687500e+01,1.010546569824218750e+03,9.997760057449340820e-01,-1.498403668403625488e+00,1.513765811920166016e+00,-1.141264219768345356e-03,1.636994332075119019e-01,-2.766557270660996437e-03,2.679848670959472656e+00,-4.526755142211914062e+01,-1.103088378906250000e+01,-1.014449954032897949e+00
1.817612266540527344e+01,1.011552795410156250e+03,9.620689153671264648e-01,-1.209640264511108398e+00,1.277304172515869141e+00,-2.006715163588523865e-03,1.621008366346359253e-01,-3.827851265668869019e-03,2.427768230438232422e+00,-3.867060089111328125e+01,-9.748441696166992188e+00,-9.692232608795166016e-01
1.792257690429687500e+01,1.013229858398437500e+03,9.178345203399658203e-01,-7.428289055824279785e-01,9.543039202690124512e-01,-2.497880952432751656e-03,1.531273126602172852e-01,-4.130653105676174164e-03,2.225540161132812500e+00,-3.340726470947265625e+01,-8.332612037658691406e+00,-9.196250438690185547e-01
1.919030761718750000e+01,1.012447204589843750e+03,1.011474132537841797e+00,6.361451148986816406e-01,4.564158320426940918e-01,-5.911801476031541824e-03,3.215734660625457764e-02,-1.771714305505156517e-03,3.567466259002685547e+00,-4.922759246826171875e+01,-1.190782737731933594e+01,-1.087602496147155762e+00
1.834515380859375000e+01,1.010770141601562500e+03,9.370100498199462891e-01,-8.829094767570495605e-01,1.033944010734558105e+00,-2.988405060023069382e-03,1.482672989368438721e-01,-4.265614319592714310e-03,2.339867591857910156e+00,-3.512696456909179688e+01,-8.972231864929199219e+00,-9.476400613784790039e-01
1.750000000000000000e+01,1.012894409179687500e+03,1.022120356559753418e+00,-2.771954536437988281e+00,2.355174064636230469e+00,2.518131863325834274e-03,2.535895407199859619e-01,-2.372103277593851089e-03,2.203626871109008789e+00,-4.289172744750976562e+01,-1.085517692565917969e+01,-9.754863977432250977e-01
1.580969142913818359e+01,1.011217346191406250e+03,1.138363957405090332e+00,-1.068157386779785156e+01,7.412893772125244141e+00,2.166377753019332886e-02,7.754898667335510254e-01,1.741601619869470596e-03,-3.863690793514251709e-01,-4.065452194213867188e+01,-1.149792861938476562e+01,-7.746489644050598145e-01
1.597872257232666016e+01,1.013565246582031250e+03,1.118726015090942383e+00,-7.993624687194824219e+00,5.759099483489990234e+00,1.496798731386661530e-02,5.911728739738464355e-01,-3.787358291447162628e-04,6.960809230804443359e-01,-4.482872390747070312e+01,-1.192765712738037109e+01,-8.832477331161499023e-01
1.707742309570312500e+01,1.013453430175781250e+03,9.892912507057189941e-01,-4.166435241699218750e+00,3.357211828231811523e+00,7.590509019792079926e-03,3.929829895496368408e-01,-4.143505357205867767e-04,1.127700448036193848e+00,-3.398132705688476562e+01,-8.991338729858398438e+00,-8.388991355895996094e-01
1.817612266540527344e+01,1.010770141601562500e+03,1.000779509544372559e+00,-8.336370587348937988e-01,1.181465864181518555e+00,-2.645953558385372162e-03,1.230996623635292053e-01,-3.384517738595604897e-03,2.926645040512084961e+00,-4.451179122924804688e+01,-1.090965652465820312e+01,-1.035089015960693359e+00
1.766903114318847656e+01,1.010770141601562500e+03,1.056106328964233398e+00,-7.238247394561767578e-01,1.193698167800903320e+00,-2.488726051524281502e-03,9.832689911127090454e-02,-2.484665717929601669e-03,3.432972431182861328e+00,-5.266740798950195312e+01,-1.283844661712646484e+01,-1.108752965927124023e+00
1.733096885681152344e+01,1.010993774414062500e+03,1.044765830039978027e+00,-4.779275417327880859e+00,3.545151948928833008e+00,7.026433013379573822e-03,3.815261721611022949e-01,-1.480784267187118530e-03,1.509227275848388672e+00,-4.164010238647460938e+01,-1.072605991363525391e+01,-9.210478067398071289e-01
1.817612266540527344e+01,1.011105590820312500e+03,9.571692943572998047e-01,3.398799896240234375e-01,5.002413392066955566e-01,-5.719233304262161255e-03,7.079696655273437500e-02,-3.052684245631098747e-03,2.956380605697631836e+00,-4.023604202270507812e+01,-1.001755428314208984e+01,-1.006123542785644531e+00
1.868321609497070312e+01,1.013118041992187500e+03,9.277137517929077148e-01,-1.472859680652618408e-01,7.144573330879211426e-01,-3.172555007040500641e-03,1.161842867732048035e-01,-3.469808958470821381e-03,2.550011873245239258e+00,-3.610984039306640625e+01,-8.964267730712890625e+00,-9.476894140243530273e-01
1.842967033386230469e+01,1.013006225585937500e+03,1.056142807006835938e+00,-4.033783674240112305e-01,1.012534618377685547e+00,-3.146243747323751450e-03,7.625964283943176270e-02,-2.417611423879861832e-03,3.552632093429565430e+00,-5.303540420532226562e+01,-1.290120410919189453e+01,-1.120110988616943359e+00
1.859870147705078125e+01,1.011105590820312500e+03,1.025563001632690430e+00,-2.249488830566406250e-01,8.248736858367919922e-01,-5.753055680543184280e-03,7.700896263122558594e-02,-3.268679138273000717e-03,3.354954242706298828e+00,-4.920507812500000000e+01,-1.178226566314697266e+01,-1.081947088241577148e+00
1.690839195251464844e+01,1.012894409179687500e+03,1.085278511047363281e+00,-6.672816276550292969e+00,4.870283126831054688e+00,1.133467908948659897e-02,5.061671733856201172e-01,-4.748119972646236420e-04,9.769519567489624023e-01,-4.264699935913085938e+01,-1.148017311096191406e+01,-8.907359838485717773e-01
1.910579299926757812e+01,1.012894409179687500e+03,9.383305907249450684e-01,-8.585571050643920898e-01,1.067061066627502441e+00,-7.492142613045871258e-04,1.460073888301849365e-01,-2.763620577752590179e-03,2.409440279006958008e+00,-3.731563949584960938e+01,-9.272839546203613281e+00,-9.472191333770751953e-01
1.724645423889160156e+01,1.011440979003906250e+03,1.056481242179870605e+00,-2.788590908050537109e+00,2.540903568267822266e+00,2.241811715066432953e-03,2.543435990810394287e-01,-1.416029408574104309e-03,2.391938447952270508e+00,-4.703811645507812500e+01,-1.189530563354492188e+01,-1.009883880615234375e+00
1.631678390502929688e+01,1.011664611816406250e+03,9.916591644287109375e-01,-3.026605129241943359e+00,2.443052530288696289e+00,4.281024914234876633e-03,2.885331511497497559e-01,-1.081843394786119461e-03,1.845260381698608398e+00,-3.884181213378906250e+01,-9.982355117797851562e+00,-9.076946973800659180e-01
1.826063919067382812e+01,1.010658386230468750e+03,8.802389502525329590e-01,-6.656581163406372070e-01,8.608503937721252441e-01,-1.644678413867950439e-03,1.652437746524810791e-01,-3.681179368868470192e-03,1.912516832351684570e+00,-2.896830749511718750e+01,-7.300570964813232422e+00,-8.673540949821472168e-01
1.826063919067382812e+01,1.010770141601562500e+03,9.529049396514892578e-01,-3.622620701789855957e-01,8.403412103652954102e-01,-2.481673378497362137e-03,1.103859618306159973e-01,-2.078733406960964203e-03,2.716786384582519531e+00,-4.078248596191406250e+01,-1.010347557067871094e+01,-9.795003533363342285e-01
1.809160804748535156e+01,1.010434753417968750e+03,9.655891656875610352e-01,-8.258020281791687012e-01,1.107400059700012207e+00,-3.819238860160112381e-03,1.307325512170791626e-01,-3.211518749594688416e-03,2.671368122100830078e+00,-4.222750091552734375e+01,-1.040287017822265625e+01,-9.869744777679443359e-01
1.631678390502929688e+01,1.013565246582031250e+03,1.050189256668090820e+00,-8.515472412109375000e+00,6.084613800048828125e+00,1.974024996161460876e-02,6.733015775680541992e-01,2.853113226592540741e-03,-3.329760134220123291e-01,-3.145203208923339844e+01,-9.244035720825195312e+00,-7.205957770347595215e-01
1.919030761718750000e+01,1.011552795410156250e+03,9.390987157821655273e-01,-1.085176825523376465e+00,1.105457663536071777e+00,-1.350252423435449600e-03,1.552531421184539795e-01,-4.147512372583150864e-03,2.304031610488891602e+00,-3.490060806274414062e+01,-8.570651054382324219e+00,-9.445966482162475586e-01
1.876773071289062500e+01,1.010322937011718750e+03,1.081465721130371094e+00,-8.816887438297271729e-02,9.665502905845642090e-01,-5.511286202818155289e-03,4.869450628757476807e-02,-1.785971457138657570e-03,3.890042781829833984e+00,-5.791727828979492188e+01,-1.400454902648925781e+01,-1.164465188980102539e+00
1.631678390502929688e+01,1.011217346191406250e+03,1.068978071212768555e+00,-8.255501747131347656e+00,5.857045650482177734e+00,1.672019809484481812e-02,6.344465017318725586e-01,5.871271714568138123e-04,9.071099758148193359e-02,-3.641543960571289062e+01,-1.023155593872070312e+01,-7.854049205780029297e-01
1.910579299926757812e+01,1.012559020996093750e+03,1.042953491210937500e+00,1.564824879169464111e-01,7.173193693161010742e-01,-4.919164348393678665e-03,5.046209692955017090e-02,-1.960888970643281937e-03,3.634205102920532227e+00,-5.227807998657226562e+01,-1.259317779541015625e+01,-1.115866899490356445e+00
1.817612266540527344e+01,1.010546569824218750e+03,8.854771852493286133e-01,1.740650832653045654e-02,4.599328637123107910e-01,-2.820163965225219727e-03,1.130216941237449646e-01,-3.719655098393559456e-03,2.258531093597412109e+00,-3.068290519714355469e+01,-7.847434043884277344e+00,-8.975721001625061035e-01
1.623226928710937500e+01,1.011329162597656250e+03,9.984226822853088379e-01,-5.702044010162353516e+00,4.115520954132080078e+00,1.033696532249450684e-02,4.725766181945800781e-01,-1.091440673917531967e-03,6.773030161857604980e-01,-3.307394027709960938e+01,-9.129960060119628906e+00,-8.106617331504821777e-01
1.859870147705078125e+01,1.010881958007812500e+03,1.014605998992919922e+00,-7.100911140441894531e-01,1.099929690361022949e+00,-3.137624124065041542e-03,1.114775091409683228e-01,-2.977649914100766182e-03,3.070724487304687500e+00,-4.704998016357421875e+01,-1.150524234771728516e+01,-1.054404735565185547e+00
1.648581504821777344e+01,1.011329162597656250e+03,8.918911218643188477e-01,-2.886163234710693359e+00,2.231432199478149414e+00,4.174450878053903580e-03,3.162018954753875732e-01,-2.693983493372797966e-03,1.024067521095275879e+00,-2.461605072021484375e+01,-6.764864444732666016e+00,-7.834726572036743164e-01
1.792257690429687500e+01,1.011329162597656250e+03,9.692527055740356445e-01,-8.013332486152648926e-01,1.092238187789916992e+00,-1.824573846533894539e-03,1.402653157711029053e-01,-3.819485660642385483e-03,2.642252683639526367e+00,-4.035114669799804688e+01,-9.950161933898925781e+00,-9.873385429382324219e-01
1.876773071289062500e+01,1.010881958007812500e+03,9.196205139160156250e-01,-1.009561896324157715e+00,1.019534111022949219e+00,-6.149702239781618118e-04,1.583287268877029419e-01,-3.777671605348587036e-03,2.153543233871459961e+00,-3.242316436767578125e+01,-8.328235626220703125e+00,-9.165726304054260254e-01
1.851418495178222656e+01,1.013677062988281250e+03,1.037611246109008789e+00,-1.150878190994262695e+00,1.384209632873535156e+00,-3.875064896419644356e-03,1.217270344495773315e-01,-4.566935822367668152e-03,3.141880035400390625e+00,-4.901425933837890625e+01,-1.204519271850585938e+01,-1.081331849098205566e+00
1.580969142913818359e+01,1.010322937011718750e+03,1.011287689208984375e+00,-6.164374351501464844e+00,4.388856887817382812e+00,1.083951164036989212e-02,4.947565793991088867e-01,-1.143161673098802567e-03,6.321101188659667969e-01,-3.499585342407226562e+01,-9.512263298034667969e+00,-8.106187582015991211e-01
1.851418495178222656e+01,1.010658386230468750e+03,9.812572002410888672e-01,7.356439232826232910e-01,3.682161569595336914e-01,-4.900223575532436371e-03,4.677350819110870361e-02,-1.919568749144673347e-03,3.330372810363769531e+00,-4.533460617065429688e+01,-1.094460010528564453e+01,-1.042150735855102539e+00
1.699290657043457031e+01,1.011329162597656250e+03,9.470902681350708008e-01,-2.458382129669189453e+00,2.130030155181884766e+00,2.628064714372158051e-03,2.728053927421569824e-01,-1.941445516422390938e-03,1.592872977256774902e+00,-3.240086746215820312e+01,-8.542355537414550781e+00,-8.718160390853881836e-01
1.842967033386230469e+01,1.011552795410156250e+03,1.061085939407348633e+00,-5.106143951416015625e-01,1.066027164459228516e+00,-4.875213373452425003e-03,7.864297926425933838e-02,-2.924400148913264275e-03,3.544619798660278320e+00,-5.344702148437500000e+01,-1.301542472839355469e+01,-1.128702640533447266e+00
1.699290657043457031e+01,1.011664611816406250e+03,9.247848987579345703e-01,-1.244876861572265625e+00,1.284642815589904785e+00,1.710094511508941650e-03,1.926404833793640137e-01,-2.430527238175272942e-03,1.981663584709167480e+00,-3.255839920043945312e+01,-8.179151535034179688e+00,-8.931800723075866699e-01
1.750000000000000000e+01,1.010434753417968750e+03,1.046579241752624512e+00,-5.129712820053100586e-01,1.094145894050598145e+00,-3.651720704510807991e-03,9.429948776960372925e-02,-2.322201849892735481e-03,3.354116439819335938e+00,-5.108729934692382812e+01,-1.245062160491943359e+01,-1.097704648971557617e+00
1.716193771362304688e+01,1.011105590820312500e+03,9.691323637962341309e-01,-9.314458966255187988e-01,1.119408607482910156e+00,-3.290068125352263451e-03,1.381787508726119995e-01,-4.245735239237546921e-03,2.626636981964111328e+00,-4.037978363037109375e+01,-9.992117881774902344e+00,-9.884665608406066895e-01
1.893676185607910156e+01,1.012111816406250000e+03,8.669323325157165527e-01,-1.688020944595336914e+00,1.355255484580993652e+00,-4.816199943888932467e-04,2.271173596382141113e-01,-4.946277011185884476e-03,1.466039180755615234e+00,-2.593214035034179688e+01,-6.674781799316406250e+00,-8.252960443496704102e-01
1.597872257232666016e+01,1.012111816406250000e+03,1.001829385757446289e+00,-8.422616958618164062e+00,5.911392688751220703e+00,2.049252763390541077e-02,6.847769021987915039e-01,1.745744608342647552e-03,-6.589701175689697266e-01,-2.475987243652343750e+01,-7.954206466674804688e+00,-6.617736816406250000e-01
1.800709342956542969e+01,1.013565246582031250e+03,9.498876333236694336e-01,-1.502156138420104980e+00,1.411126732826232910e+00,-1.105899922549724579e-03,1.924919784069061279e-01,-4.462054464966058731e-03,2.193749904632568359e+00,-3.589019775390625000e+01,-9.045663833618164062e+00,-9.387179017066955566e-01
1.766903114318847656e+01,1.010993774414062500e+03,9.848775863647460938e-01,-1.243997573852539062e+00,1.312440276145935059e+00,-1.143829664215445518e-03,1.526541262865066528e-01,-3.711633849889039993e-03,2.612257957458496094e+00,-4.134506607055664062e+01,-1.044740486145019531e+01,-1.001811146736145020e+00
1.589420700073242188e+01,1.013453430175781250e+03,1.090884685516357422e+00,-9.437541007995605469e+00,6.725409984588623047e+00,2.197307720780372620e-02,7.215712070465087891e-01,2.790794707834720612e-03,-3.627844750881195068e-01,-3.516464614868164062e+01,-1.039201831817626953e+01,-7.425832152366638184e-01
1.902127838134765625e+01,1.010546569824218750e+03,1.034284114837646484e+00,-1.282676935195922852e+00,1.441628932952880859e+00,-2.639950020238757133e-03,1.373333036899566650e-01,-3.602231154218316078e-03,3.004840612411499023e+00,-4.794576263427734375e+01,-1.195095920562744141e+01,-1.069655299186706543e+00
1.606323814392089844e+01,1.012223632812500000e+03,1.013724327087402344e+00,-6.300787925720214844e+00,4.521671295166015625e+00,9.653445333242416382e-03,4.966675639152526855e-01,-2.768942387774586678e-03,4.805458188056945801e-01,-3.383940887451171875e+01,-9.348202705383300781e+00,-8.371838331222534180e-01
1.741548538208007812e+01,1.012894409179687500e+03,1.011221289634704590e+00,-1.186180114746093750e+00,1.363314628601074219e+00,-2.281316788867115974e-03,1.422755867242813110e-01,-3.281272947788238525e-03,2.849265813827514648e+00,-4.550465393066406250e+01,-1.119779491424560547e+01,-1.035384893417358398e+00
1.631678390502929688e+01,1.013341613769531250e+03,1.074585199356079102e+00,-7.698460578918457031e+00,5.532783508300781250e+00,1.599275507032871246e-02,5.916354656219482422e-01,9.753415361046791077e-04,3.386417627334594727e-01,-3.744695663452148438e+01,-1.047564125061035156e+01,-8.128054738044738770e-01
1.792257690429687500e+01,1.010770141601562500e+03,9.539787769317626953e-01,-2.608271241188049316e-01,7.550747990608215332e-01,-4.215633962303400040e-03,1.074075028300285339e-01,-3.802243154495954514e-03,2.707466602325439453e+00,-3.882007217407226562e+01,-9.606596946716308594e+00,-9.820172786712646484e-01
1.859870147705078125e+01,1.011329162597656250e+03,9.439861774444580078e-01,4.379261136054992676e-01,4.436296224594116211e-01,-4.491971340030431747e-03,7.734195888042449951e-02,-2.630158793181180954e-03,2.874393224716186523e+00,-3.850504684448242188e+01,-9.535139083862304688e+00,-9.815391302108764648e-01
1.707742309570312500e+01,1.013565246582031250e+03,9.685664176940917969e-01,-3.312532901763916016e+00,2.670411348342895508e+00,4.484607838094234467e-03,3.157811760902404785e-01,-2.114118542522192001e-03,1.476462960243225098e+00,-3.481499099731445312e+01,-9.169557571411132812e+00,-8.791595697402954102e-01
1.885224723815917969e+01,1.010546569824218750e+03,1.011793375015258789e+00,-3.709237575531005859e-01,9.263993501663208008e-01,-3.655283246189355850e-03,9.264597296714782715e-02,-2.756532514467835426e-03,3.172312021255493164e+00,-4.701940917968750000e+01,-1.147572040557861328e+01,-1.059227228164672852e+00
1.910579299926757812e+01,1.011105590820312500e+03,9.373179674148559570e-01,7.864865660667419434e-02,5.673040151596069336e-01,-3.353945678099989891e-03,9.614250808954238892e-02,-1.901109004393219948e-03,2.689005374908447266e+00,-3.847446441650390625e+01,-9.428522109985351562e+00,-9.648262858390808105e-01
1.707742309570312500e+01,1.013677062988281250e+03,9.797394275665283203e-01,-1.351760625839233398e+00,1.404855608940124512e+00,-1.796100405044853687e-04,1.649566590785980225e-01,-3.098638495430350304e-03,2.531420469284057617e+00,-4.052424621582031250e+01,-1.019480800628662109e+01,-9.800361394882202148e-01
1.657032966613769531e+01,1.011329162597656250e+03,9.613720178604125977e-01,-1.454684495925903320e+00,1.488733291625976562e+00,4.718557465821504593e-05,1.928815543651580811e-01,-2.360082231462001801e-03,2.236945152282714844e+00,-3.713849258422851562e+01,-9.421281814575195312e+00,-9.339280128479003906e-01
1.885224723815917969e+01,1.010322937011718750e+03,1.106020927429199219e+00,-5.401523709297180176e-01,1.185425996780395508e+00,-4.266192205250263214e-03,6.744472682476043701e-02,-1.981882378458976746e-03,3.907383441925048828e+00,-5.999340438842773438e+01,-1.444551467895507812e+01,-1.184059500694274902e+00
1.834515380859375000e+01,1.010322937011718750e+03,1.069660067558288574e+00,-1.658146977424621582e+00,1.625062823295593262e+00,-1.574689056724309921e-03,1.419785618782043457e-01,-2.889229683205485344e-03,3.174584627151489258e+00,-5.246586227416992188e+01,-1.289340114593505859e+01,-1.104744672775268555e+00
1.792257690429687500e+01,1.012559020996093750e+03,9.965125918388366699e-01,-1.078600168228149414e+00,1.271349906921386719e+00,-3.683498827740550041e-03,1.437779515981674194e-01,-4.459496587514877319e-03,2.779518365859985352e+00,-4.408922195434570312e+01,-1.074068737030029297e+01,-1.019181966781616211e+00
1.817612266540527344e+01,1.011217346191406250e+03,9.849174618721008301e-01,-6.060016155242919922e-01,1.018445134162902832e+00,-2.664739033207297325e-03,1.194970086216926575e-01,-2.223720075562596321e-03,2.835807085037231445e+00,-4.390476226806640625e+01,-1.076945209503173828e+01,-1.012343764305114746e+00
1.783806228637695312e+01,1.013118041992187500e+03,8.954824805259704590e-01,1.548978388309478760e-01,5.021757483482360840e-01,-3.733398625627160072e-03,1.059425771236419678e-01,-3.621457843109965324e-03,2.387978076934814453e+00,-3.136901092529296875e+01,-7.978446006774902344e+00,-9.163753986358642578e-01
1.724645423889160156e+01,1.012335388183593750e+03,9.747157692909240723e-01,-1.183808803558349609e+00,1.228394031524658203e+00,-8.030550088733434677e-04,1.560845673084259033e-01,-3.725136630237102509e-03,2.558058023452758789e+00,-4.046039199829101562e+01,-9.901028633117675781e+00,-9.830585718154907227e-01
1.682387733459472656e+01,1.012447204589843750e+03,1.023977279663085938e+00,-3.816351890563964844e+00,2.972524881362915039e+00,6.652195472270250320e-03,3.329889774322509766e-01,-3.796075470745563507e-04,1.788384675979614258e+00,-4.074590301513671875e+01,-1.051123237609863281e+01,-9.106378555297851562e-01
1.665484619140625000e+01,1.013006225585937500e+03,1.024143099784851074e+00,-7.758758544921875000e+00,5.386096477508544922e+00,1.463197451084852219e-02,6.011792421340942383e-01,-1.406106166541576385e-03,-2.238866686820983887e-02,-3.079172325134277344e+01,-8.976115226745605469e+00,-7.603172659873962402e-01
1.690839195251464844e+01,1.013229858398437500e+03,1.090460538864135742e+00,-7.762180805206298828e+00,5.546399116516113281e+00,1.433078851550817490e-02,5.890573263168334961e-01,-6.879679858684539795e-05,5.229218006134033203e-01,-4.106306838989257812e+01,-1.107511043548583984e+01,-8.441900610923767090e-01
1.623226928710937500e+01,1.010658386230468750e+03,1.023116827011108398e+00,-3.272510051727294922e+00,2.713108062744140625e+00,2.165291924029588699e-03,2.860603630542755127e-01,-2.857181709259748459e-03,1.956966042518615723e+00,-4.233251953125000000e+01,-1.081618881225585938e+01,-9.664940834045410156e-01
1.657032966613769531e+01,1.010881958007812500e+03,1.035712122917175293e+00,-4.560181140899658203e+00,3.519226789474487305e+00,6.582112982869148254e-03,3.827032148838043213e-01,-1.600828953087329865e-03,1.485249400138854980e+00,-4.090768051147460938e+01,-1.061463832855224609e+01,-9.106699228286743164e-01
1.750000000000000000e+01,1.013565246582031250e+03,9.435135126113891602e-01,-1.147610783576965332e+00,1.225438833236694336e+00,-1.018465380184352398e-03,1.672347635030746460e-01,-3.685591276735067368e-03,2.307930231094360352e+00,-3.630942153930664062e+01,-9.150802612304687500e+00,-9.399043321609497070e-01
1.623226928710937500e+01,1.011664611816406250e+03,1.087061524391174316e+00,-5.622876167297363281e+00,4.238621711730957031e+00,7.023612037301063538e-03,4.209895730018615723e-01,-2.369352150708436966e-03,1.458166003227233887e+00,-4.610778045654296875e+01,-1.206296730041503906e+01,-9.680080413818359375e-01
1.597872257232666016e+01,1.013453430175781250e+03,1.052829265594482422e+00,-9.689024925231933594e+00,6.728440284729003906e+00,2.274874597787857056e-02,7.523543834686279297e-01,3.146298229694366455e-03,-7.674278020858764648e-01,-2.980116653442382812e+01,-9.040795326232910156e+00,-6.754198670387268066e-01
1.876773071289062500e+01,1.011105590820312500e+03,9.605057239532470703e-01,-5.731289386749267578e-01,1.003640055656433105e+00,-1.914546126499772072e-03,1.212852373719215393e-01,-2.084907842800021172e-03,2.721603393554687500e+00,-4.191956710815429688e+01,-1.029252529144287109e+01,-9.865831136703491211e-01
1.614775276184082031e+01,1.013229858398437500e+03,1.124257087707519531e+00,-9.067109107971191406e+00,6.500471115112304688e+00,1.885487511754035950e-02,6.768434047698974609e-01,1.952394843101501465e-03,1.400605291128158569e-01,-4.160977554321289062e+01,-1.172225952148437500e+01,-8.192406296730041504e-01
1.724645423889160156e+01,1.013341613769531250e+03,9.339249134063720703e-01,-1.979465842247009277e+00,1.658785939216613770e+00,2.551784855313599110e-04,2.236471325159072876e-01,-4.303733818233013153e-03,1.854782462120056152e+00,-3.317865753173828125e+01,-8.311528205871582031e+00,-9.019850492477416992e-01
1.868321609497070312e+01,1.011105590820312500e+03,1.040737509727478027e+00,-7.451780438423156738e-01,1.147209525108337402e+00,-4.005366005003452301e-03,1.043377667665481567e-01,-3.060129936784505844e-03,3.270317316055297852e+00,-5.007434463500976562e+01,-1.213515186309814453e+01,-1.088897943496704102e+00
1.640129852294921875e+01,1.011105590820312500e+03,9.240592718124389648e-01,-4.077815055847167969e+00,3.000760316848754883e+00,6.193710025399923325e-03,3.878380060195922852e-01,-3.117029787972569466e-03,7.674720883369445801e-01,-2.608837699890136719e+01,-7.252490520477294922e+00,-7.774431705474853516e-01
1.733096885681152344e+01,1.013006225585937500e+03,9.254835844039916992e-01,-1.051543712615966797e+00,1.046529412269592285e+00,-2.338723512366414070e-03,1.556232273578643799e-01,-4.395774099975824356e-03,2.209065914154052734e+00,-3.339996719360351562e+01,-8.437067985534667969e+00,-9.257836341857910156e-01
1.893676185607910156e+01,1.012335388183593750e+03,9.091763496398925781e-01,-8.543207645416259766e-01,9.949914216995239258e-01,-2.561023924499750137e-03,1.574574112892150879e-01,-4.522187635302543640e-03,2.152327299118041992e+00,-3.240867233276367188e+01,-8.090779304504394531e+00,-9.087345600128173828e-01
1.834515380859375000e+01,1.013006225585937500e+03,9.923855066299438477e-01,-4.124048352241516113e-02,7.238771915435791016e-01,-4.965926986187696457e-03,8.126002550125122070e-02,-3.174902172759175301e-03,3.096367359161376953e+00,-4.398927688598632812e+01,-1.086117076873779297e+01,-1.043097972869873047e+00
1.826063919067382812e+01,1.011552795410156250e+03,9.864432811737060547e-01,-1.184896707534790039e+00,1.307347059249877930e+00,-1.893842825666069984e-03,1.488398015499114990e-01,-2.745114266872406006e-03,2.677751541137695312e+00,-4.373609161376953125e+01,-1.073633193969726562e+01,-1.002538919448852539e+00
1.631678390502929688e+01,1.012559020996093750e+03,1.085305690765380859e+00,-6.719954013824462891e+00,4.894194602966308594e+00,8.757800795137882233e-03,4.930291473865509033e-01,-2.399525139480829239e-03,9.898010492324829102e-01,-4.512460327148437500e+01,-1.182725429534912109e+01,-9.249061346054077148e-01
1.707742309570312500e+01,1.013006225585937500e+03,8.946954011917114258e-01,-6.859449148178100586e-01,8.407123088836669922e-01,-9.669809369370341301e-04,1.552896797657012939e-01,-3.897788003087043762e-03,2.074769258499145508e+00,-3.007731246948242188e+01,-7.631646156311035156e+00,-8.879636526107788086e-01
1.758451461791992188e+01,1.010770141601562500e+03,1.036963224411010742e+00,-1.013985872268676758e+00,1.289487600326538086e+00,-2.826323732733726501e-03,1.197644025087356567e-01,-3.026428399607539177e-03,3.151500463485717773e+00,-4.960234832763671875e+01,-1.210757160186767578e+01,-1.077890872955322266e+00
1.589420700073242188e+01,1.012223632812500000e+03,1.122155308723449707e+00,-1.086205673217773438e+01,7.449955463409423828e+00,2.360182628035545349e-02,7.874586582183837891e-01,1.985987648367881775e-03,-5.857659578323364258e-01,-3.808115768432617188e+01,-1.095625019073486328e+01,-7.513667345046997070e-01
1.682387733459472656e+01,1.010322937011718750e+03,1.107415556907653809e+00,-4.033757686614990234e+00,3.283388853073120117e+00,3.573487978428602219e-03,3.075341284275054932e-01,-1.572508364915847778e-03,2.353849172592163086e+00,-5.205149459838867188e+01,-1.319958496093750000e+01,-1.044360756874084473e+00
1.834515380859375000e+01,1.011440979003906250e+03,9.508205652236938477e-01,-8.152598142623901367e-01,1.055241584777832031e+00,-1.108136726543307304e-03,1.439114212989807129e-01,-2.226017648354172707e-03,2.495941877365112305e+00,-3.890010070800781250e+01,-9.768556594848632812e+00,-9.600176811218261719e-01
1.783806228637695312e+01,1.012559020996093750e+03,9.655917882919311523e-01,-4.689949154853820801e-01,9.354785084724426270e-01,-2.964315004646778107e-03,1.193014010787010193e-01,-3.307654056698083878e-03,2.725342035293579102e+00,-4.006008529663085938e+01,-9.874938011169433594e+00,-9.927673339843750000e-01
1.859870147705078125e+01,1.013677062988281250e+03,9.663622379302978516e-01,-8.890772461891174316e-01,1.108797550201416016e+00,-2.536662388592958450e-03,1.344945430755615234e-01,-4.703378770500421524e-03,2.639152288436889648e+00,-3.940093994140625000e+01,-9.870852470397949219e+00,-9.876109361648559570e-01
1.724645423889160156e+01,1.011217346191406250e+03,8.700163364410400391e-01,-4.563171565532684326e-01,8.375585675239562988e-01,-3.029421437531709671e-03,1.631510108709335327e-01,-3.169858828186988831e-03,1.862653851509094238e+00,-2.832371520996093750e+01,-7.135251998901367188e+00,-8.496263623237609863e-01
1.775354576110839844e+01,1.013453430175781250e+03,8.919200897216796875e-01,3.767666220664978027e-02,5.633475184440612793e-01,-4.421371035277843475e-03,1.164070665836334229e-01,-3.660727525129914284e-03,2.262770891189575195e+00,-2.976000976562500000e+01,-7.694763183593750000e+00,-9.057825803756713867e-01
1.690839195251464844e+01,1.012559020996093750e+03,9.724817276000976562e-01,-2.584116935729980469e+00,2.255078792572021484e+00,1.385679468512535095e-03,2.646550536155700684e-01,-2.840297529473900795e-03,1.854323744773864746e+00,-3.730077362060546875e+01,-9.558894157409667969e+00,-9.139949083328247070e-01
1.673936080932617188e+01,1.011664611816406250e+03,1.001795768737792969e+00,-5.519597053527832031e+00,4.055799007415771484e+00,1.067932974547147751e-02,4.601228833198547363e-01,-1.215341966599225998e-03,7.672202587127685547e-01,-3.353483200073242188e+01,-9.207541465759277344e+00,-8.220918178558349609e-01
1.682387733459472656e+01,1.011776367187500000e+03,1.003427743911743164e+00,-6.353159904479980469e+00,4.520812988281250000e+00,1.180987991392612457e-02,5.110256671905517578e-01,-1.937124412506818771e-03,4.681688547134399414e-01,-3.173529243469238281e+01,-9.040237426757812500e+00,-7.944058179855346680e-01
1.580969142913818359e+01,1.012670837402343750e+03,9.388684630393981934e-01,-1.839960813522338867e+00,1.537670850753784180e+00,6.610782002098858356e-04,2.088836133480072021e-01,-5.034014582633972168e-03,2.050304651260375977e+00,-3.510545349121093750e+01,-8.772491455078125000e+00,-9.192967414855957031e-01
1.885224723815917969e+01,1.011664611816406250e+03,1.016893386840820312e+00,-1.769432067871093750e+00,1.692214369773864746e+00,-1.123673166148364544e-03,1.723125278949737549e-01,-2.717729192227125168e-03,2.699190616607666016e+00,-4.633374786376953125e+01,-1.163142013549804688e+01,-1.028931379318237305e+00
1.775354576110839844e+01,1.012223632812500000e+03,8.958531618118286133e-01,-1.313408017158508301e+00,1.147010326385498047e+00,-7.751603843644261360e-04,1.855743229389190674e-01,-4.577451385557651520e-03,1.843536734580993652e+00,-2.895443534851074219e+01,-7.490049362182617188e+00,-8.783283233642578125e-01
1.716193771362304688e+01,1.010658386230468750e+03,9.625945687294006348e-01,-2.344679355621337891e+00,2.057502508163452148e+00,1.798042794689536095e-03,2.552587687969207764e-01,-2.549455501139163971e-03,1.851614594459533691e+00,-3.617433547973632812e+01,-9.068148612976074219e+00,-9.076572656631469727e-01
1.775354576110839844e+01,1.013006225585937500e+03,9.487448930740356445e-01,-3.324217200279235840e-01,7.549394369125366211e-01,-2.426228020340204239e-03,1.027536094188690186e-01,-3.120959503576159477e-03,2.701165676116943359e+00,-3.828722000122070312e+01,-9.548549652099609375e+00,-9.777143597602844238e-01
1.893676185607910156e+01,1.010434753417968750e+03,1.016651868820190430e+00,-1.117167592048645020e+00,1.362700939178466797e+00,-1.734684105031192303e-03,1.354887485504150391e-01,-2.126066014170646667e-03,2.967968463897705078e+00,-4.846343994140625000e+01,-1.171492290496826172e+01,-1.047128915786743164e+00
1.741548538208007812e+01,1.013341613769531250e+03,9.386112689971923828e-01,-1.187311887741088867e+00,1.337231278419494629e+00,-2.041371306404471397e-03,1.763445287942886353e-01,-2.974854083731770515e-03,2.220461368560791016e+00,-3.665307617187500000e+01,-9.119128227233886719e+00,-9.313875436782836914e-01
1.589420700073242188e+01,1.012335388183593750e+03,1.039125323295593262e+00,-9.688192367553710938e+00,6.699671268463134766e+00,2.151270210742950439e-02,7.516362667083740234e-01,2.029874362051486969e-03,-8.709613084793090820e-01,-2.840310668945312500e+01,-8.626491546630859375e+00,-6.718240976333618164e-01
1.868321609497070312e+01,1.011552795410156250e+03,8.610453605651855469e-01,-5.040487051010131836e-01,6.629019379615783691e-01,-1.955272164195775986e-03,1.435637176036834717e-01,-3.476279554888606071e-03,1.895316839218139648e+00,-2.695417594909667969e+01,-6.964436054229736328e+00,-8.549786210060119629e-01
1.648581504821777344e+01,1.010546569824218750e+03,1.113013505935668945e+00,-5.344642639160156250e+00,4.121526241302490234e+00,8.201311342418193817e-03,4.036144018173217773e-01,-3.136391751468181610e-04,1.812829732894897461e+00,-5.013029861450195312e+01,-1.289773750305175781e+01,-9.851832389831542969e-01
1.597872257232666016e+01,1.010770141601562500e+03,1.008218526840209961e+00,-4.849024772644042969e+00,3.645018577575683594e+00,5.837346892803907394e-03,3.944485187530517578e-01,-2.556581515818834305e-03,1.131670594215393066e+00,-3.698849487304687500e+01,-9.888216018676757812e+00,-8.871883153915405273e-01
1.851418495178222656e+01,1.011776367187500000e+03,1.045196771621704102e+00,-8.024498820304870605e-03,8.290486335754394531e-01,-4.571176599711179733e-03,6.336304545402526855e-02,-2.257295651361346245e-03,3.552933692932128906e+00,-5.162170028686523438e+01,-1.253666973114013672e+01,-1.111310958862304688e+00
1.809160804748535156e+01,1.012447204589843750e+03,1.029187679290771484e+00,-1.469617724418640137e+00,1.538843035697937012e+00,-1.915738219395279884e-03,1.499396562576293945e-01,-2.655934775248169899e-03,2.934634208679199219e+00,-4.928744125366210938e+01,-1.203635025024414062e+01,-1.054430961608886719e+00
1.707742309570312500e+01,1.012782653808593750e+03,9.864467382431030273e-01,-2.973316192626953125e+00,2.491471052169799805e+00,2.537538297474384308e-03,2.828159034252166748e-01,-2.284567104652523994e-03,1.758909463882446289e+00,-3.850284194946289062e+01,-9.884471893310546875e+00,-9.226003885269165039e-01
1.673936080932617188e+01,1.011888183593750000e+03,1.067976355552673340e+00,-4.854403018951416016e+00,3.727758646011352539e+00,8.064168505370616913e-03,3.823517560958862305e-01,-5.649775266647338867e-04,1.702412486076354980e+00,-4.627942276000976562e+01,-1.194367980957031250e+01,-9.495430588722229004e-01
1.868321609497070312e+01,1.013565246582031250e+03,9.679199457168579102e-01,-1.480697870254516602e+00,1.393639683723449707e+00,-1.690242206677794456e-03,1.730188429355621338e-01,-3.833258524537086487e-03,2.431753396987915039e+00,-4.050580978393554688e+01,-9.980244636535644531e+00,-9.673941135406494141e-01
1.673936080932617188e+01,1.010322937011718750e+03,9.052087068557739258e-01,-1.701964974403381348e+00,1.355699419975280762e+00,2.359216450713574886e-04,2.078813165426254272e-01,-4.359291866421699524e-03,1.767723441123962402e+00,-2.958559608459472656e+01,-7.671852111816406250e+00,-8.706914782524108887e-01
1.716193771362304688e+01,1.013006225585937500e+03,9.937279224395751953e-01,-3.691424369812011719e+00,2.947028875350952148e+00,5.360321141779422760e-03,3.340362012386322021e-01,-1.714541809633374214e-03,1.519468903541564941e+00,-3.684226226806640625e+01,-9.545782089233398438e+00,-8.922654390335083008e-01
1.699290657043457031e+01,1.012782653808593750e+03,9.156416058540344238e-01,-1.984542965888977051e+00,1.632736682891845703e+00,1.648870995268225670e-03,2.302827686071395874e-01,-2.635727636516094208e-03,1.691951513290405273e+00,-3.124100303649902344e+01,-7.944551467895507812e+00,-8.652998805046081543e-01
1.682387733459472656e+01,1.013677062988281250e+03,1.065548062324523926e+00,-3.023417949676513672e+00,2.714495658874511719e+00,1.823774306103587151e-03,2.630363404750823975e-01,-2.123444108292460442e-03,2.364107370376586914e+00,-4.807992172241210938e+01,-1.213167858123779297e+01,-1.025161147117614746e+00
1.800709342956542969e+01,1.012670837402343750e+03,9.687312245368957520e-01,-1.260226726531982422e+00,1.324276804924011230e+00,-1.570611028000712395e-03,1.596231907606124878e-01,-2.675557043403387070e-03,2.486072301864624023e+00,-4.058231735229492188e+01,-1.018114376068115234e+01,-9.768997430801391602e-01
1.868321609497070312e+01,1.013677062988281250e+03,9.776943922042846680e-01,8.278343677520751953e-01,2.442429810762405396e-01,-6.199948489665985107e-03,3.358601033687591553e-02,-2.553826430812478065e-03,3.296170234680175781e+00,-4.293697738647460938e+01,-1.054504108428955078e+01,-1.046681046485900879e+00
1.623226928710937500e+01,1.012335388183593750e+03,9.828602075576782227e-01,-4.626708984375000000e+00,3.395430088043212891e+00,1.094605494290590286e-02,4.112375378608703613e-01,4.274607636034488678e-04,1.093863129615783691e+00,-3.314478302001953125e+01,-8.884167671203613281e+00,-8.081740140914916992e-01
1.589420700073242188e+01,1.010322937011718750e+03,1.072872161865234375e+00,-9.388648986816406250e+00,6.519410610198974609e+00,1.898358203470706940e-02,7.087067365646362305e-01,5.179527215659618378e-04,-3.897527158260345459e-01,-3.389348983764648438e+01,-9.934773445129394531e+00,-7.487256526947021484e-01
1.817612266540527344e+01,1.011888183593750000e+03,9.746469855308532715e-01,2.078151106834411621e-01,6.105809211730957031e-01,-5.296393763273954391e-03,7.723644375801086426e-02,-2.647255081683397293e-03,3.041589260101318359e+00,-4.253304672241210938e+01,-1.041679668426513672e+01,-1.020267486572265625e+00
1.623226928710937500e+01,1.010881958007812500e+03,1.058817148208618164e+00,-6.799190998077392578e+00,5.057731151580810547e+00,1.332336291670799255e-02,5.384909510612487793e-01,2.057924401015043259e-03,6.334669589996337891e-01,-4.004473114013671875e+01,-1.086164283752441406e+01,-8.275847434997558594e-01
1.733096885681152344e+01,1.012782653808593750e+03,9.624022245407104492e-01,-4.780095517635345459e-01,9.159351587295532227e-01,-4.419802688062191010e-03,1.122052296996116638e-01,-3.697498235851526260e-03,2.746309995651245117e+00,-4.042798995971679688e+01,-1.008362674713134766e+01,-9.958775639533996582e-01
1.783806228637695312e+01,1.013565246582031250e+03,9.321376681327819824e-01,-1.554223597049713135e-01,6.861789822578430176e-01,-3.082515206187963486e-03,1.124508082866668701e-01,-2.284007612615823746e-03,2.557372570037841797e+00,-3.726460647583007812e+01,-9.185382843017578125e+00,-9.522770643234252930e-01
1.809160804748535156e+01,1.012223632812500000e+03,9.662719368934631348e-01,-6.284188032150268555e-01,1.047152519226074219e+00,-3.683430375531315804e-03,1.290803849697113037e-01,-3.815013216808438301e-03,2.687950611114501953e+00,-4.080723571777343750e+01,-1.005465507507324219e+01,-9.918625354766845703e-01
1.640129852294921875e+01,1.011552795410156250e+03,1.055343985557556152e+00,-7.507519721984863281e+00,5.333757400512695312e+00,1.476303581148386002e-02,5.763782262802124023e-01,3.127381205558776855e-04,3.750857710838317871e-01,-3.799802017211914062e+01,-1.035783290863037109e+01,-8.147712349891662598e-01
1.851418495178222656e+01,1.012894409179687500e+03,9.334306716918945312e-01,-1.169748544692993164e+00,1.098557114601135254e+00,-2.238436718471348286e-04,1.591223627328872681e-01,-4.680268000811338425e-03,2.248260974884033203e+00,-3.390886688232421875e+01,-8.711843490600585938e+00,-9.331534504890441895e-01
1.766903114318847656e+01,1.013565246582031250e+03,9.231694340705871582e-01,3.919050097465515137e-01,4.043302237987518311e-01,-4.009562544524669647e-03,8.401183038949966431e-02,-2.766971476376056671e-03,2.713705778121948242e+00,-3.667090988159179688e+01,-9.000973701477050781e+00,-9.572626352310180664e-01
1.750000000000000000e+01,1.013006225585937500e+03,9.362695217132568359e-01,-2.634866237640380859e+00,2.041143894195556641e+00,2.099800389260053635e-03,2.638150155544281006e-01,-4.035069141536951065e-03,1.595024585723876953e+00,-3.167250442504882812e+01,-8.229669570922851562e+00,-8.808370828628540039e-01
1.733096885681152344e+01,1.011552795410156250e+03,9.065168499946594238e-01,-1.520835399627685547e+00,1.369728684425354004e+00,-4.089513386134058237e-04,1.999419033527374268e-01,-3.859933931380510330e-03,1.837808132171630859e+00,-3.124796676635742188e+01,-8.027182579040527344e+00,-8.784554600715637207e-01
1.902127838134765625e+01,1.013118041992187500e+03,9.401551485061645508e-01,-2.485118865966796875e+00,1.834204554557800293e+00,1.558166113682091236e-04,2.416337281465530396e-01,-4.985886625945568085e-03,1.784938693046569824e+00,-3.492319107055664062e+01,-8.779900550842285156e+00,-9.049037694931030273e-01
1.707742309570312500e+01,1.011105590820312500e+03,1.020646333694458008e+00,-1.663536906242370605e+00,1.769007086753845215e+00,-5.766900139860808849e-04,1.851691752672195435e-01,-2.233727835118770599e-03,2.609536886215209961e+00,-4.494711685180664062e+01,-1.122300434112548828e+01,-1.014093637466430664e+00
1.750000000000000000e+01,1.013118041992187500e+03,9.774605035781860352e-01,-3.050243556499481201e-01,9.325768947601318359e-01,-3.879040945321321487e-03,1.027994081377983093e-01,-2.423554891720414162e-03,2.897461414337158203e+00,-4.256140518188476562e+01,-1.052253150939941406e+01,-1.011537194252014160e+00
1.724645423889160156e+01,1.013006225585937500e+03,9.599484205245971680e-01,-2.809481143951416016e+00,2.244832754135131836e+00,9.256479679606854916e-04,2.700700461864471436e-01,-4.484046716243028641e-03,1.667024016380310059e+00,-3.384370040893554688e+01,-8.870002746582031250e+00,-9.025804996490478516e-01
1.716193771362304688e+01,1.012559020996093750e+03,9.416031241416931152e-01,-1.994484186172485352e+00,1.722726345062255859e+00,3.675681655295193195e-04,2.252295315265655518e-01,-3.676243592053651810e-03,1.901880025863647461e+00,-3.403379821777343750e+01,-8.794187545776367188e+00,-9.062087535858154297e-01
1.682387733459472656e+01,1.010770141601562500e+03,1.054273366928100586e+00,-5.383737087249755859e+00,4.013491153717041016e+00,8.569907397031784058e-03,4.230704605579376221e-01,-6.742561236023902893e-04,1.332310676574707031e+00,-4.308427810668945312e+01,-1.124520015716552734e+01,-9.099159240722656250e-01
1.716193771362304688e+01,1.012335388183593750e+03,9.943387508392333984e-01,-2.329727172851562500e+00,1.980965375900268555e+00,-1.211318420246243477e-03,2.215591818094253540e-01,-4.715244285762310028e-03,2.223766565322875977e+00,-4.062050628662109375e+01,-1.017638969421386719e+01,-9.747457504272460938e-01
1.707742309570312500e+01,1.011440979003906250e+03,9.386941790580749512e-01,-2.740928649902343750e+00,2.203810214996337891e+00,2.429188927635550499e-03,2.840031683444976807e-01,-3.804457839578390121e-03,1.506161928176879883e+00,-3.101315116882324219e+01,-8.313028335571289062e+00,-8.674928545951843262e-01
1.682387733459472656e+01,1.013006225585937500e+03,1.043629407882690430e+00,-6.587615966796875000e+00,4.722659111022949219e+00,1.057210750877857208e-02,5.179485678672790527e-01,-1.601713243871927261e-03,6.557955145835876465e-01,-3.672535705566406250e+01,-9.994118690490722656e+00,-8.395192027091979980e-01
1.623226928710937500e+01,1.013565246582031250e+03,1.003585815429687500e+00,-8.115979194641113281e+00,5.715595245361328125e+00,1.653006859123706818e-02,6.506918668746948242e-01,6.045340560376644135e-04,-4.709188640117645264e-01,-2.690231323242187500e+01,-8.100775718688964844e+00,-6.977238655090332031e-01
1.648581504821777344e+01,1.013565246582031250e+03,9.679459333419799805e-01,-4.046194553375244141e+00,2.930330276489257812e+00,6.329708732664585114e-03,3.646272420883178711e-01,-2.306372625753283501e-03,1.247099995613098145e+00,-3.294964981079101562e+01,-8.622415542602539062e+00,-8.386855125427246094e-01
1.851418495178222656e+01,1.013229858398437500e+03,9.135995507240295410e-01,-1.103199243545532227e+00,1.178983926773071289e+00,-1.176752964965999126e-03,1.816500425338745117e-01,-3.634277265518903732e-03,2.035384178161621094e+00,-3.310970687866210938e+01,-8.201463699340820312e+00,-9.001855850219726562e-01
1.876773071289062500e+01,1.010546569824218750e+03,1.000837802886962891e+00,-1.117663383483886719e+00,1.225238204002380371e+00,-1.400650711730122566e-03,1.346932351589202881e-01,-2.170003019273281097e-03,2.822725296020507812e+00,-4.579631805419921875e+01,-1.111939048767089844e+01,-1.023079872131347656e+00
1.910579299926757812e+01,1.011329162597656250e+03,9.554840326309204102e-01,3.593534231185913086e-02,6.288973093032836914e-01,-3.961709327995777130e-03,9.380401670932769775e-02,-3.014096524566411972e-03,2.830039739608764648e+00,-3.979900741577148438e+01,-9.681089401245117188e+00,-9.908518791198730469e-01
1.623226928710937500e+01,1.013229858398437500e+03,8.548576831817626953e-01,-2.919525146484375000e+00,2.152635097503662109e+00,2.768913516774773598e-03,3.200030326843261719e-01,-4.310237243771553040e-03,7.163981199264526367e-01,-2.023028373718261719e+01,-5.760643959045410156e+00,-7.544974088668823242e-01
1.589420700073242188e+01,1.013118041992187500e+03,1.011762738227844238e+00,-4.779159545898437500e+00,3.632119178771972656e+00,7.542113773524761200e-03,3.967807888984680176e-01,-2.656656084582209587e-03,1.174183011054992676e+00,-3.721376800537109375e+01,-9.926330566406250000e+00,-8.847113847732543945e-01
1.826063919067382812e+01,1.012670837402343750e+03,9.351352453231811523e-01,7.482901811599731445e-01,2.509984970092773438e-01,-5.754440557211637497e-03,5.962738394737243652e-02,-2.459709532558917999e-03,2.911111593246459961e+00,-3.787835693359375000e+01,-9.265612602233886719e+00,-9.806597828865051270e-01
1.893676185607910156e+01,1.010546569824218750e+03,1.048128485679626465e+00,2.215108573436737061e-01,7.107855081558227539e-01,-4.956774879246950150e-03,4.848581552505493164e-02,-1.994385384023189545e-03,3.662078380584716797e+00,-5.241607666015625000e+01,-1.269729995727539062e+01,-1.121155381202697754e+00
1.673936080932617188e+01,1.012335388183593750e+03,9.684196710586547852e-01,-4.169959545135498047e+00,3.184276580810546875e+00,4.722725134342908859e-03,3.744668960571289062e-01,-2.393608912825584412e-03,1.044014811515808105e+00,-3.361501312255859375e+01,-8.824897766113281250e+00,-8.514397144317626953e-01
1.842967033386230469e+01,1.011105590820312500e+03,9.597284793853759766e-01,-7.488094568252563477e-01,1.095887422561645508e+00,-2.927229274064302444e-03,1.397289633750915527e-01,-2.653599483892321587e-03,2.599347591400146484e+00,-4.132307052612304688e+01,-1.010505008697509766e+01,-9.750296473503112793e-01
1.902127838134765625e+01,1.011552795410156250e+03,9.095054268836975098e-01,-6.807374954223632812e-01,9.315184950828552246e-01,-3.739536972716450691e-03,1.512319296598434448e-01,-4.358356352895498276e-03,2.174437284469604492e+00,-3.222746276855468750e+01,-8.261599540710449219e+00,-9.139620065689086914e-01
1.690839195251464844e+01,1.012111816406250000e+03,1.060443997383117676e+00,-6.273465156555175781e+00,4.646822452545166016e+00,1.232462376356124878e-02,5.001727342605590820e-01,-2.421922981739044189e-04,9.123272895812988281e-01,-4.007229614257812500e+01,-1.074455261230468750e+01,-8.610519170761108398e-01
1.640129852294921875e+01,1.012670837402343750e+03,1.004404067993164062e+00,-4.099233627319335938e+00,3.109483003616333008e+00,7.116116583347320557e-03,3.605821132659912109e-01,-3.961464390158653259e-04,1.504190206527709961e+00,-3.732571792602539062e+01,-9.762784004211425781e+00,-8.716710805892944336e-01
1.910579299926757812e+01,1.012111816406250000e+03,9.641265869140625000e-01,6.827008724212646484e-01,3.217294216156005859e-01,-5.086581688374280930e-03,5.134755373001098633e-02,-2.305332105606794357e-03,3.135730266571044922e+00,-4.157296371459960938e+01,-1.021557140350341797e+01,-1.018182396888732910e+00
1.826063919067382812e+01,1.012335388183593750e+03,9.690070748329162598e-01,-6.236855983734130859e-01,1.009491443634033203e+00,-1.702687237411737442e-03,1.266894042491912842e-01,-3.011969616636633873e-03,2.726295232772827148e+00,-4.028987884521484375e+01,-1.003163433074951172e+01,-9.939062595367431641e-01
1.783806228637695312e+01,1.010322937011718750e+03,9.924755096435546875e-01,-2.152649313211441040e-01,7.825474739074707031e-01,-4.799759481102228165e-03,8.731286227703094482e-02,-3.179418854415416718e-03,3.090054273605346680e+00,-4.527812576293945312e+01,-1.096408557891845703e+01,-1.038529157638549805e+00
1.741548538208007812e+01,1.011552795410156250e+03,9.420390129089355469e-01,-1.130495786666870117e+00,1.152660369873046875e+00,-1.393227372318506241e-03,1.638593375682830811e-01,-3.742939326912164688e-03,2.255662679672241211e+00,-3.529555130004882812e+01,-8.924496650695800781e+00,-9.405359625816345215e-01
1.665484619140625000e+01,1.011440979003906250e+03,1.040012836456298828e+00,-6.022903919219970703e+00,4.372655868530273438e+00,9.684515185654163361e-03,4.726770222187042236e-01,-1.393983140587806702e-03,9.003663063049316406e-01,-3.756202697753906250e+01,-1.033897686004638672e+01,-8.637542724609375000e-01
1.876773071289062500e+01,1.010658386230468750e+03,9.651435017585754395e-01,-8.630353212356567383e-01,1.058304190635681152e+00,-2.690678462386131287e-03,1.374882161617279053e-01,-3.825757652521133423e-03,2.588067293167114258e+00,-3.935597229003906250e+01,-9.701317787170410156e+00,-9.834845066070556641e-01
1.597872257232666016e+01,1.011888183593750000e+03,1.044184684753417969e+00,-8.563410758972167969e+00,6.074549674987792969e+00,2.008099108934402466e-02,6.748994588851928711e-01,2.218896057456731796e-03,-3.131658732891082764e-01,-3.155637741088867188e+01,-9.283589363098144531e+00,-7.188540697097778320e-01
1.910579299926757812e+01,1.013677062988281250e+03,1.058741927146911621e+00,-6.652465462684631348e-01,1.121627688407897949e+00,-5.169230513274669647e-03,8.938068896532058716e-02,-3.403009846806526184e-03,3.460191965103149414e+00,-5.218841934204101562e+01,-1.267708206176757812e+01,-1.120575308799743652e+00
1.800709342956542969e+01,1.012559020996093750e+03,8.616350889205932617e-01,1.048342108726501465e+00,-1.429310441017150879e-02,-4.863385576754808426e-03,6.449170410633087158e-02,-3.099077614024281502e-03,2.437345743179321289e+00,-2.792134857177734375e+01,-7.117438316345214844e+00,-8.944745063781738281e-01
1.792257690429687500e+01,1.013341613769531250e+03,8.570489883422851562e-01,-6.562472879886627197e-02,4.838923811912536621e-01,-3.290953114628791809e-03,1.214522346854209900e-01,-5.048405379056930542e-03,2.041336059570312500e+00,-2.577427101135253906e+01,-6.837089538574218750e+00,-8.645205497741699219e-01
1.707742309570312500e+01,1.011329162597656250e+03,9.539216756820678711e-01,-2.504956245422363281e+00,2.059165239334106445e+00,6.940746097825467587e-04,2.545043230056762695e-01,-3.944508265703916550e-03,1.763475298881530762e+00,-3.436448287963867188e+01,-8.938885688781738281e+00,-9.025363922119140625e-01
1.665484619140625000e+01,1.012670837402343750e+03,1.117345571517944336e+00,-8.206598281860351562e+00,5.871356964111328125e+00,1.521386578679084778e-02,6.016267538070678711e-01,2.325763925909996033e-04,5.772658586502075195e-01,-4.369490814208984375e+01,-1.188110256195068359e+01,-8.709260225296020508e-01
1.809160804748535156e+01,1.013677062988281250e+03,8.805861473083496094e-01,-1.566717267036437988e+00,1.268908143043518066e+00,1.219734782353043556e-03,2.105648219585418701e-01,-4.036411643028259277e-03,1.630998134613037109e+00,-2.775789070129394531e+01,-7.000687122344970703e+00,-8.459815979003906250e-01
1.834515380859375000e+01,1.010434753417968750e+03,9.210283756256103516e-01,-3.451407849788665771e-01,7.603546977043151855e-01,-1.039320719428360462e-03,1.265817582607269287e-01,-3.103222930803894997e-03,2.437898159027099609e+00,-3.477849578857421875e+01,-8.672988891601562500e+00,-9.348319768905639648e-01
1.623226928710937500e+01,1.012000000000000000e+03,9.371173977851867676e-01,-4.168180942535400391e+00,3.174086093902587891e+00,5.979589652270078659e-03,3.892841637134552002e-01,-3.030890133231878281e-03,7.219704389572143555e-01,-2.678692436218261719e+01,-7.483024597167968750e+00,-8.037540912628173828e-01
1.716193771362304688e+01,1.010770141601562500e+03,1.041990756988525391e+00,-2.190680980682373047e+00,2.013061523437500000e+00,-1.138051738962531090e-03,1.959417760372161865e-01,-3.531854134052991867e-03,2.651551246643066406e+00,-4.730764007568359375e+01,-1.182633113861083984e+01,-1.045218229293823242e+00
1.673936080932617188e+01,1.011105590820312500e+03,9.432537555694580078e-01,-2.639848709106445312e+00,2.067700386047363281e+00,3.073686035349965096e-03,2.740020155906677246e-01,-2.827672054991126060e-03,1.641896843910217285e+00,-3.207137298583984375e+01,-8.406518936157226562e+00,-8.655921220779418945e-01
1.657032966613769531e+01,1.012223632812500000e+03,1.002561569213867188e+00,-6.011313438415527344e+00,4.357592582702636719e+00,1.086655166000127792e-02,4.926405847072601318e-01,-3.958400338888168335e-04,5.897909402847290039e-01,-3.425341033935546875e+01,-9.254290580749511719e+00,-8.006544113159179688e-01
1.690839195251464844e+01,1.012335388183593750e+03,1.083988308906555176e+00,-6.484042644500732422e+00,4.756083011627197266e+00,1.066348422318696976e-02,4.926075339317321777e-01,-8.319024927914142609e-04,1.077055811882019043e+00,-4.342441558837890625e+01,-1.153096008300781250e+01,-8.958112001419067383e-01
1.589420700073242188e+01,1.011776367187500000e+03,1.106936216354370117e+00,-9.118066787719726562e+00,6.627027988433837891e+00,1.961891166865825653e-02,6.964801549911499023e-01,3.062673844397068024e-03,-7.674324512481689453e-02,-3.913612747192382812e+01,-1.120146560668945312e+01,-7.768162488937377930e-01
1.758451461791992188e+01,1.011664611816406250e+03,8.966051340103149414e-01,-6.388442218303680420e-02,4.957421422004699707e-01,-3.607106395065784454e-03,1.143075004220008850e-01,-3.937661647796630859e-03,2.326461076736450195e+00,-3.149537086486816406e+01,-7.821574687957763672e+00,-9.097697734832763672e-01
1.826063919067382812e+01,1.010881958007812500e+03,8.668962717056274414e-01,2.805120348930358887e-01,3.128710687160491943e-01,-3.091447986662387848e-03,1.130507066845893860e-01,-3.487518290057778358e-03,2.156568050384521484e+00,-2.721896171569824219e+01,-6.883394718170166016e+00,-8.728492856025695801e-01
1.665484619140625000e+01,1.011552795410156250e+03,9.831610321998596191e-01,-2.121757745742797852e+00,1.784767627716064453e+00,-6.125665968284010887e-04,2.070147991180419922e-01,-3.678751643747091293e-03,2.279833316802978516e+00,-4.124538803100585938e+01,-1.035883045196533203e+01,-9.736461639404296875e-01
1.919030761718750000e+01,1.010993774414062500e+03,9.450331926345825195e-01,5.911365151405334473e-02,5.579802393913269043e-01,-3.319751238450407982e-03,9.574787318706512451e-02,-2.817028434947133064e-03,2.759273767471313477e+00,-3.817660522460937500e+01,-9.361309051513671875e+00,-9.746030569076538086e-01
1.682387733459472656e+01,1.011440979003906250e+03,1.028103470802307129e+00,-3.030189514160156250e+00,2.465064764022827148e+00,2.724688267335295677e-03,2.668680548667907715e-01,-2.017420250922441483e-03,2.195333719253540039e+00,-4.324627304077148438e+01,-1.103401374816894531e+01,-9.682337641716003418e-01
1.750000000000000000e+01,1.011664611816406250e+03,9.523695707321166992e-01,-1.225755453109741211e+00,1.245775818824768066e+00,-1.630390062928199768e-03,1.626377701759338379e-01,-3.281346755102276802e-03,2.368124961853027344e+00,-3.858392715454101562e+01,-9.585058212280273438e+00,-9.562315344810485840e-01
1.817612266540527344e+01,1.010434753417968750e+03,9.842576384544372559e-01,-1.636214494705200195e+00,1.465537786483764648e+00,-9.890638757497072220e-04,1.721711903810501099e-01,-3.940408118069171906e-03,2.459245204925537109e+00,-4.067935180664062500e+01,-1.018635272979736328e+01,-9.904941916465759277e-01
1.919030761718750000e+01,1.012111816406250000e+03,1.057537913322448730e+00,-1.383759975433349609e-01,9.573246240615844727e-01,-5.172530189156532288e-03,5.883994698524475098e-02,-2.507085446268320084e-03,3.673220872879028320e+00,-5.414188003540039062e+01,-1.317041587829589844e+01,-1.133828639984130859e+00
1.682387733459472656e+01,1.013565246582031250e+03,9.732361435890197754e-01,-6.423210144042968750e+00,4.593492984771728516e+00,1.483177952468395233e-02,5.516519546508789062e-01,1.137342303991317749e-03,-5.156061053276062012e-02,-2.532893180847167969e+01,-7.505249977111816406e+00,-7.100484967231750488e-01
1.716193771362304688e+01,1.011440979003906250e+03,9.620270729064941406e-01,-4.419763565063476562e+00,3.285086870193481445e+00,7.013721857219934464e-03,3.918762207031250000e-01,-1.367333810776472092e-03,9.373667240142822266e-01,-3.136204338073730469e+01,-8.520237922668457031e+00,-8.182897567749023438e-01
1.750000000000000000e+01,1.012559020996093750e+03,9.210873842239379883e-01,-1.055975675582885742e+00,1.080294609069824219e+00,-1.429929630830883980e-03,1.618442684412002563e-01,-3.791552502661943436e-03,2.189374685287475586e+00,-3.467467880249023438e+01,-8.680997848510742188e+00,-9.177426695823669434e-01
1.690839195251464844e+01,1.013341613769531250e+03,1.056616783142089844e+00,-3.283268928527832031e+00,2.689225435256958008e+00,3.450987394899129868e-03,2.725648581981658936e-01,-2.031286014243960381e-03,2.372965097427368164e+00,-4.734363555908203125e+01,-1.186300754547119141e+01,-1.003275513648986816e+00
1.919030761718750000e+01,1.013453430175781250e+03,1.081081748008728027e+00,-6.895674467086791992e-01,1.178846955299377441e+00,-5.424573551863431931e-03,8.326993137598037720e-02,-3.213589312508702278e-03,3.638970613479614258e+00,-5.532289886474609375e+01,-1.339181423187255859e+01,-1.150214195251464844e+00
1.842967033386230469e+01,1.012894409179687500e+03,9.396797418594360352e-01,2.423460781574249268e-01,4.917999505996704102e-01,-4.694045521318912506e-03,9.514409303665161133e-02,-3.471671836450695992e-03,2.709830760955810547e+00,-3.697171020507812500e+01,-8.951494216918945312e+00,-9.710888266563415527e-01
1.834515380859375000e+01,1.013229858398437500e+03,9.823340177536010742e-01,-6.747249960899353027e-01,1.001729488372802734e+00,-3.432520665228366852e-03,1.211957484483718872e-01,-4.056461155414581299e-03,2.834135770797729492e+00,-4.213788604736328125e+01,-1.032625293731689453e+01,-1.009109735488891602e+00
1.699290657043457031e+01,1.010993774414062500e+03,1.036723375320434570e+00,-1.591830015182495117e+00,1.756492137908935547e+00,-9.470111690461635590e-04,1.752590984106063843e-01,-2.161371521651744843e-03,2.774210691452026367e+00,-4.716127014160156250e+01,-1.172817707061767578e+01,-1.037395834922790527e+00
1.623226928710937500e+01,1.011217346191406250e+03,9.518713355064392090e-01,-4.500950336456298828e+00,3.295490026473999023e+00,6.976222153753042221e-03,4.018273949623107910e-01,-2.437116578221321106e-03,8.184639215469360352e-01,-2.876844406127929688e+01,-8.036851882934570312e+00,-8.031017184257507324e-01
1.631678390502929688e+01,1.010322937011718750e+03,9.525812268257141113e-01,-3.583489894866943359e+00,2.692351818084716797e+00,4.875085782259702682e-03,3.331549167633056641e-01,-2.534325001761317253e-03,1.235382437705993652e+00,-3.128875160217285156e+01,-8.329426765441894531e+00,-8.452347517013549805e-01
1.834515380859375000e+01,1.011776367187500000e+03,9.713848829269409180e-01,-1.554378986358642578e+00,1.481136202812194824e+00,-1.175402896478772163e-03,1.780804693698883057e-01,-3.098474815487861633e-03,2.391691446304321289e+00,-4.055348968505859375e+01,-1.020017051696777344e+01,-9.717676639556884766e-01
1.733096885681152344e+01,1.011440979003906250e+03,9.728670120239257812e-01,-1.057025074958801270e+00,1.294942259788513184e+00,-1.588046317920088768e-03,1.587713062763214111e-01,-2.861673710867762566e-03,2.492714881896972656e+00,-3.976567840576171875e+01,-9.936574935913085938e+00,-9.750690460205078125e-01
1.673936080932617188e+01,1.013229858398437500e+03,1.085217952728271484e+00,-5.219138622283935547e+00,3.971494913101196289e+00,6.099594756960868835e-03,3.874709010124206543e-01,-2.068261848762631416e-03,1.691358804702758789e+00,-4.830866241455078125e+01,-1.240090847015380859e+01,-9.857765436172485352e-01
1.817612266540527344e+01,1.010322937011718750e+03,9.289619326591491699e-01,-8.651518821716308594e-01,1.034045457839965820e+00,-2.662975341081619263e-03,1.484137028455734253e-01,-4.593506455421447754e-03,2.321973323822021484e+00,-3.464409255981445312e+01,-8.644986152648925781e+00,-9.368290901184082031e-01
1.640129852294921875e+01,1.013118041992187500e+03,9.316645860671997070e-01,-4.298412322998046875e+00,3.115613222122192383e+00,8.932950906455516815e-03,4.019773602485656738e-01,2.857670187950134277e-05,8.134856224060058594e-01,-2.813939285278320312e+01,-7.615134716033935547e+00,-7.568349242210388184e-01
1.758451461791992188e+01,1.011552795410156250e+03,1.026927590370178223e+00,-1.202307701110839844e+00,1.412234425544738770e+00,-2.509430050849914551e-03,1.384604871273040771e-01,-3.102061571553349495e-03,2.972951650619506836e+00,-4.780114364624023438e+01,-1.172549343109130859e+01,-1.055594563484191895e+00
1.859870147705078125e+01,1.011888183593750000e+03,9.356586933135986328e-01,-9.451467394828796387e-01,1.101433038711547852e+00,-1.994570251554250717e-03,1.550477147102355957e-01,-3.179637948051095009e-03,2.327090263366699219e+00,-3.683322525024414062e+01,-9.179698944091796875e+00,-9.391993880271911621e-01
1.741548538208007812e+01,1.013006225585937500e+03,8.836653232574462891e-01,-1.375740528106689453e+00,1.197788476943969727e+00,-1.193789765238761902e-03,1.977565139532089233e-01,-4.772888962179422379e-03,1.748008608818054199e+00,-2.860050392150878906e+01,-7.312019348144531250e+00,-8.575742244720458984e-01
1.885224723815917969e+01,1.011552795410156250e+03,9.640296697616577148e-01,-1.243838548660278320e+00,1.315616965293884277e+00,-2.201381372287869453e-03,1.682913601398468018e-01,-4.437943454831838608e-03,2.401503562927246094e+00,-3.832665634155273438e+01,-9.642117500305175781e+00,-9.710339307785034180e-01
1.699290657043457031e+01,1.012670837402343750e+03,9.984411001205444336e-01,-2.629201412200927734e+00,2.370678901672363281e+00,2.226385520771145821e-03,2.635885775089263916e-01,-2.322208834812045097e-03,2.043555498123168945e+00,-4.058449935913085938e+01,-1.035918998718261719e+01,-9.418421983718872070e-01
1.716193771362304688e+01,1.010322937011718750e+03,9.816160798072814941e-01,-2.650518894195556641e+00,2.127843379974365234e+00,1.124845119193196297e-03,2.467106133699417114e-01,-3.841740544885396957e-03,1.962172508239746094e+00,-3.812520599365234375e+01,-9.653790473937988281e+00,-9.373204112052917480e-01
1.716193771362304688e+01,1.010993774414062500e+03,9.650485515594482422e-01,-3.330955505371093750e+00,2.568998336791992188e+00,5.415605846792459488e-03,3.123916387557983398e-01,-2.215897664427757263e-03,1.476826071739196777e+00,-3.374441909790039062e+01,-8.841445922851562500e+00,-8.693964481353759766e-01
1.792257690429687500e+01,1.013453430175781250e+03,8.601134419441223145e-01,-1.187200188636779785e+00,1.071305155754089355e+00,-1.334115164354443550e-03,2.000624239444732666e-01,-4.313535057008266449e-03,1.577032804489135742e+00,-2.552297973632812500e+01,-6.565525054931640625e+00,-8.317852020263671875e-01
1.699290657043457031e+01,1.013229858398437500e+03,1.079343438148498535e+00,-5.408965110778808594e+00,4.170912265777587891e+00,9.447084739804267883e-03,4.294197559356689453e-01,3.777458332479000092e-04,1.432676672935485840e+00,-4.463846588134765625e+01,-1.165420818328857422e+01,-9.234518408775329590e-01
1.766903114318847656e+01,1.010546569824218750e+03,8.944422602653503418e-01,-1.137304663658142090e+00,1.135324001312255859e+00,-2.016350394114851952e-03,1.834591627120971680e-01,-4.360122140496969223e-03,1.870855689048767090e+00,-2.998250770568847656e+01,-7.553899288177490234e+00,-8.726160526275634766e-01
1.597872257232666016e+01,1.010322937011718750e+03,1.036747097969055176e+00,-7.385041713714599609e+00,5.389607429504394531e+00,1.518949680030345917e-02,5.917201042175292969e-01,1.563163939863443375e-03,1.558746099472045898e-01,-3.459127807617187500e+01,-9.834985733032226562e+00,-7.684056162834167480e-01
1.724645423889160156e+01,1.011776367187500000e+03,9.507824182510375977e-01,-1.603662848472595215e+00,1.466504096984863281e+00,-1.935824984684586525e-03,1.869782954454421997e-01,-4.892479628324508667e-03,2.216030120849609375e+00,-3.659483337402343750e+01,-9.227277755737304688e+00,-9.467049241065979004e-01
1.606323814392089844e+01,1.011217346191406250e+03,1.057823419570922852e+00,-8.298398017883300781e+00,5.935157775878906250e+00,1.708282344043254852e-02,6.475384235382080078e-01,9.566056542098522186e-04,-9.849283099174499512e-02,-3.366594696044921875e+01,-9.769657135009765625e+00,-7.559031248092651367e-01
1.868321609497070312e+01,1.012782653808593750e+03,9.533522129058837891e-01,-8.319857716560363770e-01,1.062320828437805176e+00,-3.062805626541376114e-03,1.393785476684570312e-01,-4.361812956631183624e-03,2.536037683486938477e+00,-3.838530349731445312e+01,-9.461587905883789062e+00,-9.708191156387329102e-01
1.741548538208007812e+01,1.010881958007812500e+03,9.851354360580444336e-01,-1.248992681503295898e+00,1.287354111671447754e+00,-3.413288155570626259e-03,1.519225239753723145e-01,-4.500797949731349945e-03,2.633329868316650391e+00,-4.192336273193359375e+01,-1.028362751007080078e+01,-1.001021623611450195e+00
1.589420700073242188e+01,1.012111816406250000e+03,9.433602690696716309e-01,-4.478696823120117188e+00,3.436884880065917969e+00,4.865325056016445160e-03,4.060557186603546143e-01,-2.605958841741085052e-03,6.581156253814697266e-01,-2.882271194458007812e+01,-7.955144882202148438e+00,-7.997934222221374512e-01
1.792257690429687500e+01,1.012000000000000000e+03,1.004574537277221680e+00,-2.226174771785736084e-01,8.235163688659667969e-01,-3.846743144094944000e-03,8.590961247682571411e-02,-2.513816580176353455e-03,3.171674251556396484e+00,-4.651505279541015625e+01,-1.128138923645019531e+01,-1.053907871246337891e+00
1.682387733459472656e+01,1.012111816406250000e+03,9.239467978477478027e-01,-2.268610000610351562e+00,1.983155369758605957e+00,2.343676984310150146e-03,2.618122696876525879e-01,-2.980006858706474304e-03,1.522134184837341309e+00,-3.014920234680175781e+01,-7.908565044403076172e+00,-8.589344024658203125e-01
1.724645423889160156e+01,1.011888183593750000e+03,9.157273769378662109e-01,-2.299240827560424805e-01,6.410313248634338379e-01,-3.640925977379083633e-03,1.161646842956542969e-01,-3.565231105312705040e-03,2.420724868774414062e+00,-3.408074951171875000e+01,-8.506694793701171875e+00,-9.355181455612182617e-01
1.800709342956542969e+01,1.012447204589843750e+03,1.003100395202636719e+00,-3.096026182174682617e-02,7.627280950546264648e-01,-3.245333442464470863e-03,8.154270052909851074e-02,-2.493503969162702560e-03,3.197354555130004883e+00,-4.570512390136718750e+01,-1.122851943969726562e+01,-1.050965547561645508e+00
1.690839195251464844e+01,1.010322937011718750e+03,1.032585144042968750e+00,-2.441236019134521484e+00,2.229582786560058594e+00,1.079475507140159607e-03,2.336865514516830444e-01,-1.766141969710588455e-03,2.471777915954589844e+00,-4.615662384033203125e+01,-1.153091526031494141e+01,-9.938005208969116211e-01
1.809160804748535156e+01,1.013006225585937500e+03,9.168112874031066895e-01,-2.885555624961853027e-01,6.925357580184936523e-01,-3.510400885716080666e-03,1.229894012212753296e-01,-3.884795121848583221e-03,2.370448589324951172e+00,-3.329089736938476562e+01,-8.410174369812011719e+00,-9.324479103088378906e-01
1.783806228637695312e+01,1.013006225585937500e+03,1.001439332962036133e+00,-6.304291486740112305e-01,1.084486365318298340e+00,-2.898502163589000702e-03,1.162895560264587402e-01,-3.122233320027589798e-03,2.964960098266601562e+00,-4.474710845947265625e+01,-1.094567108154296875e+01,-1.037274837493896484e+00
1.597872257232666016e+01,1.010881958007812500e+03,1.105782151222229004e+00,-9.281496047973632812e+00,6.611852169036865234e+00,1.953173428773880005e-02,7.023695111274719238e-01,2.026084344834089279e-03,-1.340808570384979248e-01,-3.831261444091796875e+01,-1.090974140167236328e+01,-7.736313343048095703e-01
